{"cameraMode":{"drawMode":0,"name":"Shaded","section":"Shading Mode"},"sceneLighting":false,"audioPlay":false,"sceneViewState":{"m_AlwaysRefresh":false,"showFog":true,"showSkybox":true,"showFlares":true,"showImageEffects":true,"showParticleSystems":true,"showVisualEffectGraphs":true,"m_FxEnabled":true},"in2DMode":false,"pivot":{"x":20.696157455444337,"y":0.05422377586364746,"z":-40.34798812866211},"rotation":{"x":-0.004066364374011755,"y":-0.995940089225769,"z":0.0652264654636383,"w":-0.06221633404493332},"size":4.630260944366455,"orthographic":true}