{"cameraMode":{"drawMode":0,"name":"Shaded","section":"Shading Mode"},"sceneLighting":false,"audioPlay":false,"sceneViewState":{"m_AlwaysRefresh":false,"showFog":true,"showSkybox":true,"showFlares":true,"showImageEffects":true,"showParticleSystems":true,"showVisualEffectGraphs":true,"m_FxEnabled":true},"in2DMode":false,"pivot":{"x":536.6561889648438,"y":110.25385284423828,"z":39.165374755859378},"rotation":{"x":0.25744879245758059,"y":0.011898515745997429,"z":-0.0031780186109244825,"w":0.966224193572998},"size":181.02737426757813,"orthographic":true}