{"cameraMode":{"drawMode":0,"name":"Shaded","section":"Shading Mode"},"sceneLighting":true,"audioPlay":false,"sceneViewState":{"m_AlwaysRefresh":false,"showFog":true,"showSkybox":true,"showFlares":true,"showImageEffects":true,"showParticleSystems":true,"showVisualEffectGraphs":true,"m_FxEnabled":true},"in2DMode":false,"pivot":{"x":-8.467260360717774,"y":-0.6399984359741211,"z":0.5821971893310547},"rotation":{"x":-0.011342739686369896,"y":0.8363407254219055,"z":-0.5478228330612183,"w":-0.017318686470389367},"size":30.9082088470459,"orthographic":true}