{"cameraMode":{"drawMode":0,"name":"Shaded","section":"Shading Mode"},"sceneLighting":true,"audioPlay":false,"sceneViewState":{"m_AlwaysRefresh":false,"showFog":true,"showSkybox":true,"showFlares":true,"showImageEffects":true,"showParticleSystems":true,"showVisualEffectGraphs":true,"m_FxEnabled":true},"in2DMode":false,"pivot":{"x":-8.467260360717774,"y":-0.6399984359741211,"z":0.5821971893310547},"rotation":{"x":0.00154977070633322,"y":0.9859814047813416,"z":-0.1666107475757599,"w":0.009165775030851365},"size":18.935863494873048,"orthographic":true}