{"cameraMode":{"drawMode":0,"name":"Shaded","section":"Shading Mode"},"sceneLighting":false,"audioPlay":false,"sceneViewState":{"m_AlwaysRefresh":false,"showFog":true,"showSkybox":true,"showFlares":true,"showImageEffects":true,"showParticleSystems":true,"showVisualEffectGraphs":true,"m_FxEnabled":true},"in2DMode":false,"pivot":{"x":20.696157455444337,"y":0.05422377586364746,"z":-40.34798812866211},"rotation":{"x":0.0035048797726631166,"y":-0.9965012073516846,"z":0.06226051598787308,"w":0.055973466485738757},"size":4.796561241149902,"orthographic":true}