{"cameraMode":{"drawMode":0,"name":"Shaded","section":"Shading Mode"},"sceneLighting":false,"audioPlay":false,"sceneViewState":{"m_AlwaysRefresh":false,"showFog":true,"showSkybox":true,"showFlares":true,"showImageEffects":true,"showParticleSystems":true,"showVisualEffectGraphs":true,"m_FxEnabled":true},"in2DMode":false,"pivot":{"x":22.457382202148439,"y":31.71882438659668,"z":24.04045867919922},"rotation":{"x":0.027489792555570604,"y":-0.9660018682479858,"z":0.22964787483215333,"w":0.11560806632041931},"size":16.099836349487306,"orthographic":true}