{"cameraMode":{"drawMode":0,"name":"Shaded","section":"Shading Mode"},"sceneLighting":false,"audioPlay":false,"sceneViewState":{"m_AlwaysRefresh":false,"showFog":true,"showSkybox":true,"showFlares":true,"showImageEffects":true,"showParticleSystems":true,"showVisualEffectGraphs":true,"m_FxEnabled":true},"in2DMode":false,"pivot":{"x":-1.1766759157180787,"y":1.5994668006896973,"z":5.707462310791016},"rotation":{"x":0.00154977070633322,"y":0.9859814047813416,"z":-0.1666107475757599,"w":0.009165775030851365},"size":5.2443366050720219,"orthographic":true}